event_name,date_location,attendees,goals,source_url,primary_industry,secondary_industry,event_type,featured,company_stages
AmCham of Asia Pacific - Washington Doorknock 2025,Manila - 13–16 Jul 2025,"Business leaders, Policy makers","Market insight, Policy influence",https://amchamphilippines.glueup.com/event/139540,Government & Public Sector,,Meeting,true,Planning Transformation
Optimizing Project Delivery for Efficiency and Impact,Manila - 16 Jul 2025,"Project managers, Team leads","Project management optimization, Skill development",https://amchamphilippines.glueup.com/event/140564,Technology,,Workshop,false,Exploring Solutions
Trade Talks: Public-Private Perspectives on Free Trade and Investment Opportunities,Manila - 16 Jul 2025,"Executives, Government officials","Trade strategy, Investment opportunities",https://amchamphilippines.glueup.com/event/148146,Government & Public Sector,,Meeting,true,Planning Transformation
Unlocking Opportunities Under the Capital Markets Efficiency Promotion Act,Manila - 22 Jul 2025,"Financial executives, Policy makers","Financial market understanding, Compliance",https://amchamphilippines.glueup.com/event/148651,Banking & Financial Services,,Meeting,false,Needs Immediate Help
Future Forward: The 2025 IT-BPM Mid-Year Outlook,Manila - 22 Jul 2025,"BPO executives, IT managers","Industry trends, Business growth",https://amchamphilippines.glueup.com/event/136882,Technology,,Meeting,true,Planning Transformation
Foundations of Leadership: Thriving in Times of Change,Manila - 22 Jul 2025,"Managers, Supervisors","Leadership development, Change management",https://amchamphilippines.glueup.com/event/137192,Technology,,Workshop,false,Exploring Solutions
Maximizing Industry Impact: Leveraging the Enterprise-Based Education and Training (EBET) Framework Act for Workforce Development,Manila - 24 Jul 2025,"HR managers, Industry leaders","Workforce development, Policy implementation",https://amchamphilippines.glueup.com/event/148284,Government & Public Sector,,Meeting,false,Planning Transformation
AI in Digital Marketing,Manila - 24 Jul 2025,"Marketing professionals, Digital strategists","AI adoption, Marketing optimization",https://amchamphilippines.glueup.com/event/135737,Technology,Retail & E-commerce,Workshop,true,Exploring Solutions
Driving Business Growth Through Talent Development,Manila - 25 Jul 2025,"HR directors, Business executives","Talent management, Business growth",https://amchamphilippines.glueup.com/event/148163,Technology,,Meeting,false,Planning Transformation
Managing Privacy: Third-Party Risk Management in the Age of Compliance,Manila - 29 Jul 2025,"Compliance officers, IT managers","Data privacy, Risk management",https://amchamphilippines.glueup.com/event/145204,Technology,,Meeting,false,Needs Immediate Help
C-Suite Circle: Exclusive Gathering of Visionary Leaders (Batch 1),Manila - 29 Jul 2025,"CEOs, Founders","Networking, Strategic insights",https://amchamphilippines.glueup.com/event/146790,Technology,Healthcare,Meeting,true,Planning Transformation
[AMCHAM Visayas] General Membership Meeting,Cebu City - 31 Jul 2025,"Business executives, Members","Networking, Knowledge sharing",https://amchamphilippines.glueup.com/event/149128,Technology,,Meeting,false,Exploring Solutions
Total Quality Management Unlocked: Principles," Tools"," and Strategies",Manila - 5 Aug 2025,"Quality managers, Operations leads","Quality improvement, Process optimization",https://amchamphilippines.glueup.com/event/144864,Technology,,Workshop
Working Meeting on DOLE Department Order No. 248," Series of 2025",Manila - 6 Aug 2025,"HR managers, Compliance officers","Policy compliance, Labor standards",https://amchamphilippines.glueup.com/event/149014,Government & Public Sector,,Meeting,false
Effective People Management: Skills for Leading Teams,Manila - 12 Aug 2025,"Team leaders, Managers","Leadership skills, Team management",https://amchamphilippines.glueup.com/event/147347,Technology,,Workshop,false,Exploring Solutions
A Roadmap for Economic Progress: Accelerating Transportation Infrastructure,Manila - 13 Aug 2025,"Policy makers, Infrastructure executives","Infrastructure development, Economic growth",https://amchamphilippines.glueup.com/event/147880,Government & Public Sector,Technology,Meeting,true,Planning Transformation
AmCham 8th Annual Energy Forum,Manila - 14 Aug 2025,"Energy executives, Policy makers","Energy sector trends, Sustainability",https://amchamphilippines.glueup.com/event/135952,Government & Public Sector,Technology,Forum,true,Planning Transformation
Scaling Project & Change Management for Organizational Success,Manila - 19 Aug 2025,"Project managers, Change managers","Project governance, Change management",https://amchamphilippines.glueup.com/event/140565,Technology,,Workshop,false,Exploring Solutions
[North Luzon] Member Appreciation Cocktails,Clark - 20 Aug 2025,"Members, Business executives","Networking, Member engagement",https://amchamphilippines.glueup.com/event/146401,Technology,,Networking,false,Exploring Solutions
C-Suite Circle: Exclusive Gathering of Visionary Leaders (Batch 2),Manila - 26 Aug 2025,"CEOs, Founders","Networking, Strategic insights",https://amchamphilippines.glueup.com/event/147382,Technology,Retail & E-commerce,Meeting,true,Planning Transformation
The Connected Workplace: An Executive Roundtable on Building Resilient," Productive"," and Digitally Enabled Organizations",Manila - 28 Aug 2025,"Executives, IT directors","Digital transformation, Workplace resilience",https://amchamphilippines.glueup.com/event/144974,Technology,,Roundtable
From Myths to Metrics: Marketing Basics,Manila - 3 Sep 2025,"Marketing professionals, Business leaders","Digital marketing, AI tool adoption",https://amchamphilippines.glueup.com/event/146407,Technology,Retail & E-commerce,Workshop,false,Exploring Solutions
Evidence-Based Wellbeing: Insights," Tools"," and Strategies for Thriving Teams",Manila - 17 Sep 2025,"HR managers, Team leaders","Employee wellbeing, Team productivity",https://amchamphilippines.glueup.com/event/145212,Technology,,Workshop
Marketing Efficiency Through Smart Tools,Manila - 23 Sep 2025,"Marketing professionals, Digital strategists","Marketing efficiency, Tool adoption",https://amchamphilippines.glueup.com/event/146408,Technology,Retail & E-commerce,Workshop,false,Exploring Solutions
C-Suite Circle: Exclusive Gathering of Visionary Leaders (Batch 3),Manila - 30 Sep 2025,"CEOs, Founders","Networking, Strategic insights",https://amchamphilippines.glueup.com/event/147384,Technology,Energy,Meeting,true,Planning Transformation
C-Suite Circle: Exclusive Gathering of Visionary Leaders (Batch 4),Manila - 28 Oct 2025,"CEOs, Founders","Networking, Strategic insights",https://amchamphilippines.glueup.com/event/147389,Technology,,Meeting,true,Planning Transformation
[POSTPONED] National Doorknock: Department of Labor and Employment,Manila - 11 Jul 2025,"HR executives, Policy makers","Labor policy engagement, Compliance",https://amchamphilippines.glueup.com/event/140271,Government & Public Sector,,Meeting,false,Needs Immediate Help
CrossBorder Data Flows: Strengthening AI & Cybersecurity in the Philippines,Manila - 10 Jul 2025,"Government officials, IT executives","AI innovation, Cybersecurity",https://amchamphilippines.glueup.com/event/146787,Technology,Government & Public Sector,Meeting,true,Planning Transformation
Luzon Economic Corridor (LEC) Hybrid Tabletop Exercise (HTTX),Manila - 9 Jul 2025,"Business leaders, Policy makers","Economic development, Infrastructure planning",https://amchamphilippines.glueup.com/event/147515,Government & Public Sector,,Workshop,true,Planning Transformation
GENERAL MEMBERSHIP MEETING,Makati - 31 Jul 2025,"Business executives, IP professionals","IP commercialization, Protection",https://www.cmaphil.com/,Technology,,Meeting,false,Exploring Solutions
ASIA OCEANIA TAX CONSULTANT’S ASSOCIATION (AOTCA),"Katmandu, Nepal - 18–21 Nov 2025","Tax consultants, Financial executives","Tax policy, Networking",https://www.cmaphil.com/,Banking & Financial Services,,Conference,false,Needs Immediate Help
TOUR DE TECH: The IT & Software Roadshow,San Fernando Pampanga; Davao City; Cebu City - 2025 (TBA),"IT professionals, Software developers","Talent acquisition, Industry collaboration",https://www.psia.org.ph/copy-of-enablement-seminars,Technology,,Roadshow,true,Planning Transformation
51st Enablement Seminar,Manila - 14 Sep 2023,"Software testers, QA engineers","Software testing skills, Quality assurance",https://www.psia.org.ph/enablement-seminars,Technology,,Seminar,false,Exploring Solutions
50th Enablement Seminar,Online - 5 Jul 2023,"Software developers, Project managers","Agile planning, Software development",https://www.psia.org.ph/enablement-seminars,Technology,,Seminar,false,Exploring Solutions
SODEC Philippines 2024,Manila - 8–9 Aug 2024,"Software developers, IT executives","Digital transformation, Business matching",https://www.psia.org.ph/sodec,Technology,,Conference,true,Planning Transformation
SOFTCON Philippines 2025,Manila - 28–30 Oct 2025,"Software developers, IT professionals, Business executives","AI, Automation, Cloud computing",https://softconph.com/,Technology,,Conference,true,Planning Transformation
2023 3rd Quarter General Membership Meeting,Manila - 1 Sep 2023,"Academics, Industry leaders","AI, Academe-industry collaboration",https://www.psia.org.ph/psia-general-membership-meetings,Technology,Education,Meeting,false,Exploring Solutions
2023 2nd Quarter General Membership Meeting,Online - 2023 (Q2),"Software developers, IT managers","AI, Software development trends",https://www.psia.org.ph/psia-general-membership-meetings,Technology,,Meeting,false,Exploring Solutions
BP 22 FOR NON LAWYERS,Online - 28 Nov 2025,"Business managers, Compliance officers","Legal compliance, Financial management",https://www.cmaphil.com/events/money-laundering-and-terrorist-financing-prevention-program,Banking & Financial Services,,Workshop,false,Needs Immediate Help
POLICY DEVELOPMENT,Makati - 7 Aug 2025,"Policy makers, HR managers","Policy creation, Compliance",https://www.cmaphil.com/events/policy-development,Government & Public Sector,,Workshop,false,Needs Immediate Help
COLLECT SMARTER - NEGOTIATION STRATEGIES FOR DEBT RECOVERY,Makati - 14 Aug 2025,"Financial managers, Debt collectors","Debt recovery, Negotiation skills",https://www.cmaphil.com/events/collect-smarter-negotiation-strategies-for-debt-recovery,Banking & Financial Services,,Workshop,false,Needs Immediate Help
Financial Statement Analysis and Interpretation,Makati - 11 Sep 2025,"Financial analysts, Business managers","Financial analysis, Decision making",https://www.cmaphil.com/events/financial-statement-analysis-and-interpretation,Banking & Financial Services,,Workshop,false,Needs Immediate Help
CREDIT MANAGEMENT,Online - 25 Sep 2025,"Financial managers, Credit analysts","Credit management, Risk assessment",https://www.cmaphil.com/events/credit-management,Banking & Financial Services,,Workshop,false,Needs Immediate Help
Know your Money & Counterfeit Detection,Online - 26 Sep 2025,"Financial officers, Compliance managers","Counterfeit detection, Financial security",https://www.cmaphil.com/events/know-your-money-counterfeit-detection,Banking & Financial Services,,Workshop,false,Needs Immediate Help
Financial Management,Makati - 9 Oct 2025,"Financial executives, Business managers","Financial planning, Management",https://www.cmaphil.com/events/financial-management,Banking & Financial Services,,Workshop,false,Needs Immediate Help
Root Cause Analysis,Makati - 13 Nov 2025,"Operations managers, Quality analysts","Problem solving, Process improvement",https://www.cmaphil.com/events/root-cause-analysis,Technology,,Workshop,false,Needs Immediate Help
Money Laundering and Terrorist Financing Prevention Program,Online - 28 Nov 2025,"Compliance officers, Financial managers","Anti-money laundering, Compliance",https://www.cmaphil.com/events/money-laundering-and-terrorist-financing-prevention-program,Banking & Financial Services,,Workshop,false,Needs Immediate Help
Shared Leadership Team Coach Certification Program (TCCP),TBA - 15 Jul 2025,"HR professionals, Coaches","Leadership coaching, Team development",https://pmap.org.ph/training-events/sltccp-tccp-july/,Technology,,Workshop,false,Exploring Solutions
Fundamentals of Labor and Employment Laws,Online - 15 Jul 2025,"HR managers, Legal advisors","Labor law compliance, Employee relations",https://pmap.org.ph/training-events/flel-july/,Government & Public Sector,,Workshop,false,Needs Immediate Help
THE 2025 PMAP CAREER FAIR IS CALLING! FUTURE BOUND 2025: EXPLORE," CONNECT"," THRIVE",Manila - 22 Jul 2025,"Job seekers, HR professionals","Career opportunities, Networking",https://pmap.org.ph/training-events/2025-cf/,Technology,,Career Fair
OD Theories," Tools and Practices",Online - 22 Jul 2025,"HR professionals, OD specialists","Organization development, Strategy implementation",https://pmap.org.ph/training-events/odttp-july/,Technology,,Workshop,false
HR Analytics and Data-Driven Decision Making,Mandaluyong - 23 Jul 2025,"HR managers, Data analysts","Data-driven HR, Decision making",https://pmap.org.ph/training-events/hrddm/,Technology,,Workshop,false,Exploring Solutions
Developing a Performance-Based Compensation System,Online - 24 Jul 2025,"HR managers, Compensation specialists","Compensation strategy, Performance management",https://pmap.org.ph/training-events/dpbcs-july/,Technology,,Workshop,false,Exploring Solutions
Essentials of Business Communication,Online - 25 Jul 2025,"Business professionals, Managers","Communication skills, Business efficiency",https://pmap.org.ph/training-events/ebc/,Technology,,Workshop,false,Exploring Solutions
Training the Trainers,Mandaluyong - 28 Jul 2025,"Trainers, HR professionals","Training delivery, Skill development",https://pmap.org.ph/training-events/training-the-trainers/,Technology,,Workshop,false,Exploring Solutions
Drivers of Employee Engagement,Online - 29 Jul 2025,"HR managers, Team leaders","Employee engagement, Retention",https://pmap.org.ph/training-events/dee-july/,Technology,,Workshop,false,Exploring Solutions
Effective Risk Management Workshop,Mandaluyong - 30 Jul 2025,"Risk managers, Business executives","Risk mitigation, Strategic planning",https://pmap.org.ph/training-events/ermw-july/,Technology,,Workshop,false,Needs Immediate Help
707th General Membership Meeting,Pasay - 30 Jul 2025,"Members, Business executives","Networking, Knowledge sharing",https://pmap.org.ph/training-events/707th-pmap-gmm/,Technology,,Meeting,false,Exploring Solutions
July IR Kapihan: Discipline with Purpose: Enhancing Employee Performance Through Structured Action,Online - 31 Jul 2025,"HR managers, Supervisors","Employee discipline, Performance improvement",https://pmap.org.ph/training-events/july-ir-kapihan-dpeeptsa/,Technology,,Workshop,false,Needs Immediate Help
Certificate in Human Resource Planning and Acquisition – FEU,Hybrid - 2 Aug–20 Sep 2025,"HR professionals, Recruiters","Talent acquisition, HR planning",https://pmap.org.ph/training-events/chrpa-feu/,Technology,,Certification,false,Exploring Solutions
Job Evaluation and Salary Structure Program,Mandaluyong - 5 Aug 2025,"HR managers, Compensation specialists","Salary structuring, Job evaluation",https://pmap.org.ph/training-events/jessp-aug/,Technology,,Workshop,false,Exploring Solutions
Fraud Detection for Business,Mandaluyong - 5 Aug 2025,"Financial managers, Compliance officers","Fraud prevention, Risk management",https://pmap.org.ph/training-events/fdb-2/,Banking & Financial Services,,Workshop,false,Needs Immediate Help
FREE PODCAST: Developing Future Leaders,Online - 6 Aug 2025,"HR professionals, Managers","Leadership development, Talent management",https://pmap.org.ph/training-events/free-podcast-developing-future-leaders/,Technology,,Podcast,false,Exploring Solutions
Developing Effective Coaching and Mentoring in the Workplace,Mandaluyong - 7 Aug 2025,"HR professionals, Coaches","Coaching skills, Employee development",https://pmap.org.ph/training-events/decmw-aug/,Technology,,Workshop,false,Exploring Solutions
Fundamentals of Employee Discipline,Online - 7 Aug 2025,"HR managers, Supervisors","Employee discipline, Compliance",https://pmap.org.ph/training-events/fed-aug/,Technology,,Workshop,false,Needs Immediate Help
Certificate in Compensation Management – SBCA,Hybrid - 9 Aug–27 Sep 2025,"HR professionals, Compensation specialists","Compensation management, Strategy",https://pmap.org.ph/training-events/sbca-ccm/,Technology,,Certification,false,Exploring Solutions
Embedding Sustainability in the Workplace,Online - 12 Aug 2025,"HR managers, Sustainability officers","Sustainability practices, Workplace integration",https://pmap.org.ph/training-events/ebw/,Technology,,Workshop,false,Exploring Solutions
Compensation and Benefits Management in the Philippines,Online - 12 Aug 2025,"HR managers, Compensation specialists","Benefits management, Compensation strategy",https://pmap.org.ph/training-events/cbmp-aug/,Technology,,Workshop,false,Exploring Solutions
Auditing HR Processes and Procedures,Mandaluyong - 13 Aug 2025,"HR auditors, Compliance officers","HR process auditing, Compliance",https://pmap.org.ph/training-events/ahrpp-aug/,Technology,,Workshop,false,Needs Immediate Help
Strategic Decision Making for Leaders,Online - 14 Aug 2025,"Executives, Managers","Strategic planning, Decision making",https://pmap.org.ph/training-events/sdml-aug/,Technology,,Workshop,false,Exploring Solutions
Certificate in Organization Development – UA&P,Hybrid - 16 Aug–4 Oct 2025,"HR professionals, OD specialists","Organization development, Strategy",https://pmap.org.ph/training-events/uap-cod/,Technology,,Certification,false,Exploring Solutions
Managing Change in the Workplace,Online - 18 Aug 2025,"Managers, HR professionals","Change management, Workplace adaptation",https://pmap.org.ph/training-events/mcw-aug/,Technology,,Workshop,false,Exploring Solutions
The Data Privacy Act of 2012,Mandaluyong - 19 Aug 2025,"Compliance officers, IT managers","Data privacy, Compliance",https://pmap.org.ph/training-events/dpa-act-of-2012/,Technology,Government & Public Sector,Workshop,false,Needs Immediate Help
Training Delivery Techniques," Evaluation and ROI",Mandaluyong - 19 Aug 2025,"Trainers, HR professionals","Training delivery, ROI evaluation",https://pmap.org.ph/training-events/tdter-aug/,Technology,,Workshop,false
Essentials of Labor and Employment Laws in the Philippines,Mandaluyong - 26 Aug 2025,"HR managers, Legal advisors","Labor law compliance, Employee relations",https://pmap.org.ph/training-events/elelp-aug/,Government & Public Sector,,Workshop,false,Needs Immediate Help
The Engaging Leader Workshop,Mandaluyong - 26 Aug 2025,"Managers, Team leaders","Leadership engagement, Team motivation",https://pmap.org.ph/training-events/telw-aug/,Technology,,Workshop,false,Exploring Solutions
Designing a Variable Pay Program,Online - 26 Aug 2025,"HR managers, Compensation specialists","Pay structure design, Performance incentives",https://pmap.org.ph/training-events/dvpp-aug/,Technology,,Workshop,false,Exploring Solutions
Evaluating Training & Development Programs,Online - 27 Aug 2025,"HR professionals, Trainers","Training evaluation, Program improvement",https://pmap.org.ph/training-events/etdp-aug/,Technology,,Workshop,false,Exploring Solutions
2025 Online Go Up Forum,Online - 28 Aug 2025,"Business professionals, HR managers","Networking, Knowledge sharing",https://pmap.org.ph/training-events/2025-online-go-up-forum/,Technology,,Forum,false,Exploring Solutions
Managing Development and Succession Planning,Online - 28 Aug 2025,"HR managers, Executives","Succession planning, Talent management",https://pmap.org.ph/training-events/mdsp-aug/,Technology,,Workshop,false,Exploring Solutions
HUMAN RESOURCE BUSINESS PARTNERSHIP,Mandaluyong - 2 Sep 2025,"HR professionals, Business partners","HR strategy, Business alignment",https://pmap.org.ph/training-events/hrbp-sept/,Technology,,Workshop,false,Exploring Solutions
Strategic HR: Guideposts for Implementation,Online - 3 Sep 2025,"HR managers, Executives","Strategic HR, Implementation",https://pmap.org.ph/training-events/shr/,Technology,,Workshop,false,Exploring Solutions
Creating Work-Life Balance Policies and Programs,Online - 8 Sep 2025,"HR managers, Wellness officers","Work-life balance, Employee wellbeing",https://pmap.org.ph/training-events/cwlbpp-sept/,Technology,,Workshop,false,Exploring Solutions
Fundamentals of Organization Development,Mandaluyong - 9 Sep 2025,"HR professionals, OD specialists","Organization development, Strategy",https://pmap.org.ph/training-events/fod/,Technology,,Workshop,false,Exploring Solutions
Competency Based Performance Management and Career Planning Workshop,Mandaluyong - 11 Sep 2025,"HR managers, Career planners","Performance management, Career development",https://pmap.org.ph/training-events/cbpmcpw-sept/,Technology,,Workshop,false,Exploring Solutions
Union Relations and Collective Bargaining,Mandaluyong - 16 Sep 2025,"HR managers, Labor relations officers","Union relations, Bargaining skills",https://pmap.org.ph/training-events/urcb/,Government & Public Sector,,Workshop,false,Needs Immediate Help
Designing the Pay Structure,Online - 17 Sep 2025,"HR managers, Compensation specialists","Pay structure design, Compensation strategy",https://pmap.org.ph/training-events/dps-sept/,Technology,,Workshop,false,Exploring Solutions
Emotional Intelligence and Employee Well-being,Online - 18 Sep 2025,"HR managers, Team leaders","Emotional intelligence, Wellbeing",https://pmap.org.ph/training-events/eiew/,Technology,,Workshop,false,Exploring Solutions
Competency Based Talent Management,Mandaluyong - 23 Sep 2025,"HR managers, Talent managers","Talent management, Competency development",https://pmap.org.ph/training-events/cbtm-sept/,Technology,,Workshop,false,Exploring Solutions
Ethical Decision Making for Leaders,Online - 24 Sep 2025,"Executives, Managers","Ethical decision making, Leadership",https://pmap.org.ph/training-events/edml/,Technology,,Workshop,false,Exploring Solutions
Designing and Implementing Performance Management Program,Mandaluyong - 25 Sep 2025,"HR managers, Performance specialists","Performance management, Program design",https://pmap.org.ph/training-events/dipmp-2/,Technology,,Workshop,false,Exploring Solutions
Leadership Development for Supervisors and Managers in the New Normal,Online - 29 Sep 2025,"Supervisors, Managers","Leadership skills, Adaptation",https://pmap.org.ph/training-events/ldsmn-sept/,Technology,,Workshop,false,Exploring Solutions
Competency Development," Profiling"," and Assessment",Online - 2 Oct 2025,"HR managers, Talent managers","Competency development, Assessment",https://pmap.org.ph/training-events/cdpa-oct-2/,Technology,,Workshop
Certificate in Human Resource Development – FEU,Hybrid - 4 Oct–29 Nov 2025,"HR professionals, Development specialists","HR development, Strategy",https://pmap.org.ph/training-events/chrd-feu/,Technology,,Certification,false,Exploring Solutions
Essentials of Human Resource Management,Mandaluyong - 7 Oct 2025,"HR managers, Professionals","HR management, Best practices",https://pmap.org.ph/training-events/ehrm-oct/,Technology,,Workshop,false,Exploring Solutions
Certificate in Labor Relations – SBCA,Hybrid - 11 Oct–6 Dec 2025,"HR professionals, Labor specialists","Labor relations, Compliance",https://pmap.org.ph/training-events/sbca-clr/,Government & Public Sector,,Certification,false,Needs Immediate Help
Performance Management and Appraisal Training,Online - 13 Oct 2025,"HR managers, Appraisers","Performance appraisal, Management",https://pmap.org.ph/training-events/pmat-oct/,Technology,,Workshop,false,Exploring Solutions
Certificate in Compensation Management – UA&P,Hybrid - 18 Oct–13 Dec 2025,"HR professionals, Compensation specialists","Compensation management, Strategy",https://pmap.org.ph/training-events/uap-ccm/,Technology,,Certification,false,Exploring Solutions
62nd PMAP Annual Conference,Cebu City - 22–24 Oct 2025,"HR professionals, Executives","Networking, HR trends",https://pmap.org.ph/training-events/62nd-pmap-annual-conference/,Technology,,Conference,true,Planning Transformation
Discipline and Grievance Management,Online - 28 Oct 2025,"HR managers, Supervisors","Discipline management, Grievance handling",https://pmap.org.ph/training-events/dgm-oct/,Technology,,Workshop,false,Needs Immediate Help
Employee Engagement and Retention,Online - 5 Nov 2025,"HR managers, Team leaders","Employee retention, Engagement strategies",https://pmap.org.ph/training-events/eer-nov/,Technology,,Workshop,false,Exploring Solutions
Facilitating Structured Learning Exercises,Online - 6 Nov 2025,"Trainers, HR professionals","Learning facilitation, Training design",https://pmap.org.ph/training-events/fsle-nov/,Technology,,Workshop,false,Exploring Solutions
Results-Oriented Training Design,Online - 12 Nov 2025,"Trainers, HR professionals","Training design, Outcome focus",https://pmap.org.ph/training-events/rotd-nov/,Technology,,Workshop,false,Exploring Solutions
Problem Solving and Decision Making,Mandaluyong - 20 Nov 2025,"Managers, Operations leads","Problem solving, Decision making",https://pmap.org.ph/training-events/psdm-nov/,Technology,,Workshop,false,Exploring Solutions
Fundamentals of Learning & Development,Online - 24 Nov 2025,"HR professionals, Trainers","Learning development, Training strategy",https://pmap.org.ph/training-events/fld-nov/,Technology,,Workshop,false,Exploring Solutions
Echelon Philippines 2025,Manila - 2–3 Sep 2025,"Startup founders, Investors, Entrepreneurs","Networking, Funding opportunities, Knowledge sharing",,Technology,,Conference,true,Exploring Solutions
PhNOG 2025+ Week (Philippine Network Operators Group),Manila - 7–11 Jul 2025,"Network engineers, Architects, Operators","Technical discussions, Networking, Infrastructure development",,Technology,,Conference,true,Exploring Solutions
The MarTech Summit Manila 2025,Makati - 2 Jul 2025,"Marketing professionals, Data specialists","Data-driven marketing, AI adoption, Customer engagement",,Technology,Retail & E-commerce,Summit,true,Planning Transformation
Cybersphere Philippines 2025,Taguig - 4–5 Jul 2025,"Cybersecurity experts, ICT professionals, Decision-makers","Cybersecurity solutions, Networking, ICT infrastructure development",,Technology,Government & Public Sector,Conference,true,Planning Transformation
Startup Funding in the Philippines & SEA: The Journey from Grants to IPO,Online - 2 Jul 2025,"Startup founders, Entrepreneurs","Funding strategy, Grants to IPO guidance",https://fi.co/e/361718,Technology,,Workshop,false,Exploring Solutions
Founders Running Club :: Manila,"Quezon City - Every Saturday, 6:00 AM","Founders, Investors, Tech professionals, Creatives","Networking, Community building",https://www.meetup.com/founders-running-club-manila/,Technology,,Networking,false,Exploring Solutions
BUILD Startup Festival 2026,Taguig - Mar 2026,"Founders, VCs, Angel investors, Community builders","Networking, Innovation discussions, Community building",http://www.sinigangvalley.com,Technology,,Summit,true,Exploring Solutions
Entrepinay Conference 2026,Pasay City - Apr 2026,"Female founders, Entrepreneurs, Professionals, Creatives","Empowerment, Business insights, Networking",http://www.thebibongpinaycompany.com,Technology,,Conference,true,Exploring Solutions
Crypto Vision Conference 2026 (CVCPH2026),Makati - Apr 2026,"Investors, Traders, Crypto enthusiasts, Founders","Blockchain exploration, Web3 innovation, Networking",https://lu.ma/qeul0o29,Technology,,Conference,true,Exploring Solutions
How Non-Techies Can Launch Successful Tech Startups,Online - Recurring Monthly,"Aspiring founders, Non-technical entrepreneurs","MVP development, Team building, Go-to-market strategies",https://www.meetup.com/manila-startup-idea-to-ipo/,Technology,,Workshop,false,Exploring Solutions
Saturday AI Hangout with Zack Lim,Online - Recurring Weekly,"Entrepreneurs, AI enthusiasts, Tech professionals","AI trends, Opportunity exploration",https://www.meetup.com/internet-entrepreneurs-network-philippines/,Technology,,Networking,false,Exploring Solutions
ReactJS Philippines - Regular Meetups,Metro Manila - Recurring,"React developers, Technical founders, Engineers","Technical discussions, Networking, Skill development",https://www.meetup.com/reactjs-philippines/,Technology,,Networking,false,Exploring Solutions
PyCon APAC 2025,Quezon City - 1–3 Mar 2025,"Python developers, Data scientists, Technical founders","Python advancements, Networking, Skill development",https://pycon-apac.python.ph/,Technology,,Conference,true,Exploring Solutions
PythonPH - Regular Meetups & Trainings,Metro Manila - Recurring,"Python developers, Data scientists, Technical founders","Python skill development, Networking",https://python.ph/,Technology,,Networking,false,Exploring Solutions
GDG Cloud Manila x AI Pilipinas International Women's Day Event 2025,Taguig - 20 Mar 2025,"Developers, AI practitioners, Tech professionals","Women in tech, Cloud and AI discussions, Networking",https://gdg.community.dev/events/details/google-gdg-cloud-manila-presents-gdg-cloud-manila-x-ai-pilipinas-international-womens-day-event-2025/,Technology,,Networking,false,Exploring Solutions
AI Pilipinas - Regular Meetups,Metro Manila - Recurring,"AI researchers, Data scientists, ML engineers","AI advancements, Networking",https://www.facebook.com/AIPilipinas/,Technology,,Networking,false,Exploring Solutions
Philippine Startup Week 2025 (PHSW25),Taguig - Nov 2025,"Founders, Investors, Government officials, Developers","Networking, Innovation, Ecosystem growth",https://www.phstartupweek.com/,Technology,,Conference,true,Exploring Solutions
Graphika Manila 2025,Pasay City - 1–2 Mar 2025,"Designers, Animators, Creative directors, Founders","Creative inspiration, Networking",https://www.graphikamanila.com/,Technology,,Conference,true,Exploring Solutions
FoFPH x PWDO x UXPH: Figma Slides Party,Taguig - 21 Mar 2025,"UI/UX designers, Web designers, Developers","Design discussions, Networking",https://www.uxph.org/events/fofph-x-pwdo-x-uxph-figma-slides-party,Technology,,Networking,false,Exploring Solutions
UXPH Conference 2025,Metro Manila - Nov 2025,"UX designers, Product managers, Technical founders","UX design, Product development, Networking",https://www.uxph.org/,Technology,,Conference,true,Exploring Solutions
Modern AI-Driven Leadership Models @ Manila," Philippines",Manila - 30 Jun 2025,"Founders, Executives, Managers","AI-driven leadership, Strategic insights",https://www.eventbrite.com/e/modern-ai-driven-leadership-models-manila-philippines-tickets-888979316987,Technology,,Workshop,false
[Invite-Only] Tarro After Hours: A Private Networking Mixer,Bonifacio High Street - 10 Jul 2025,"Founders, Investors, Professionals","Networking, Relationship building",https://www.eventbrite.com/e/invite-only-tarro-after-hours-a-private-networking-mixer-tickets-927924789537,Technology,,Networking,false,Exploring Solutions
17th Philippine SME Business Expo 2025,Manila - 28 Nov 2025,"SME owners, Entrepreneurs, Founders","Networking, Business growth",https://www.eventbrite.com/e/17th-philippine-sme-business-expo-2025-tickets-868972156847,Technology,,Expo,true,Planning Transformation
LogiSYM Philippines 2025,Manila - 17 Sep 2025,"Logistics professionals, E-commerce founders","Logistics innovation, Supply chain optimization",https://www.eventbrite.com/e/logisym-philippines-2025-tickets-862879590897,Retail & E-commerce,Technology,Conference,true,Planning Transformation
GLOBAL INVESTMENT: DAY SESSION,Manila - 27 Jun 2025,"Investors, Founders, Entrepreneurs","Investment opportunities, Networking",https://www.eventbrite.com/e/global-investment-day-session-tickets-923833442857,Technology,,Networking,false,Exploring Solutions
GLOBAL INVESTMENT: EVENING SESSION,Manila - 27 Jun 2025,"Investors, Founders, Entrepreneurs","Investment opportunities, Networking",https://www.eventbrite.com/e/global-investment-evening-session-tickets-923835699607,Technology,,Networking,false,Exploring Solutions
Fundraising Party - Manila,Manila - 5 Jul 2025,"Founders, Investors, Entrepreneurs","Fundraising, Networking",https://www.eventbrite.com/e/fundraising-party-manila-tickets-908584855597,Technology,,Networking,false,Exploring Solutions
Work in Europe / Sweden - Jobs," Talent Visa and EU Blue Card - MNL",Quezon City - Jul 2025,"Founders, Professionals, HR managers","International job opportunities, Talent acquisition",https://www.eventbrite.com/e/work-in-europe-sweden-jobs-talent-visa-and-eu-blue-card-mnl-tickets-923838507987,Technology,,Workshop,false
National C.E.P.S. Certified Event Planning Specialist Masterclass Summit,Manila - 25 Jul 2025,"Event planners, Founders, Professionals","Event planning skills, Networking",https://www.eventbrite.com/e/national-ceps-certified-event-planning-specialist-masterclass-summit-tickets-897394334337,Technology,,Workshop,false,Exploring Solutions
International Conference on Geospatial Big Data for Urban Studies (ICGBDUS),Manila - 24 Jul 2025,"Urban planners, Data scientists","Geospatial data analysis, Urban development",https://internationalconferencealerts.com/eventdetails.php?id=3013500,Technology,Government & Public Sector,Conference,false,Exploring Solutions
International Conference on Recent Advance in Engineering and Technology (ICRAET),Manila - 17 Sep 2025,"Engineers, Technology managers","Technology advancements, Engineering solutions",https://internationalconferencealerts.com/eventdetails.php?id=3159133,Technology,,Conference,false,Exploring Solutions
International Conference on Mechanical," Aerospace and Systems Engineering (ICMASE)",Manila - 18 Jul 2025,"Engineers, Aerospace professionals","Aerospace technology, Systems engineering",https://internationalconferencealerts.com/eventdetails.php?id=3031182,Technology,,Conference,false
International Conference on Aerospace Sciences and Aviation Technology (ICASAT),Manila - 21 Jul 2025,"Aviation professionals, Engineers","Aerospace innovation, Technology adoption",https://internationalconferencealerts.com/eventdetails.php?id=3016757,Technology,,Conference,false,Exploring Solutions
International Conference on Aerospace and Aviation Engineering (ICAAE),Manila - 1 Sep 2025,"Aviation engineers, Technology managers","Aviation engineering, Innovation",https://internationalconferencealerts.com/eventdetails.php?id=3155351,Technology,,Conference,false,Exploring Solutions
International Conference on Aeronautical and Astronautical Engineering (ICOAAE),Manila - 25 Oct 2025,"Aerospace engineers, Researchers","Aeronautical engineering, Innovation",https://internationalconferencealerts.com/eventdetails.php?id=3221477,Technology,,Conference,false,Exploring Solutions
International Conference on Aerospace Systems and Avionics (ICASA),Manila - 22 Dec 2025,"Avionics engineers, Technology managers","Avionics systems, Technology adoption",https://internationalconferencealerts.com/eventdetails.php?id=3312505,Technology,,Conference,false,Exploring Solutions
International Conference on Enterprise Architecture and Agile Development (ICEAAD),Manila - 26 Aug 2025,"IT architects, Developers","Agile development, Enterprise architecture",https://internationalconferencealerts.com/eventdetails.php?id=3045462,Technology,,Conference,false,Exploring Solutions
International Conference on Computer Architecture and Microarchitecture Design (ICCAMD),Manila - 4 Nov 2025,"Computer architects, IT professionals","Computer architecture, Design innovation",https://internationalconferencealerts.com/eventdetails.php?id=3261727,Technology,,Conference,false,Exploring Solutions
International Conference on Machine Learning in Architecture (ICMLA),Manila - 30 Dec 2025,"Data scientists, Architects","Machine learning, Architectural design",https://internationalconferencealerts.com/eventdetails.php?id=3280936,Technology,,Conference,false,Exploring Solutions
International Conference on Bioinformatics and Molecular Biology (ICBMB),Quezon City - 10 Jul 2025,"Bioinformaticians, Researchers","Bioinformatics, Molecular biology",https://internationalconferencealerts.com/eventdetails.php?id=3014466,Technology,Healthcare,Conference,false,Exploring Solutions
International Conference on Bioinformatics," Biomedicine"," Biotechnology and Computational Biology (ICBBBCB)",Manila - 10 Jul 2025,"Researchers, Biotech professionals","Biomedicine, Computational biology",https://internationalconferencealerts.com/eventdetails.php?id=3328078,Technology,Healthcare,Conference
International Conference on Bioinformatics for Life Sciences and Technologies (ICBLST),Quezon City - 7 Aug 2025,"Bioinformaticians, Researchers","Bioinformatics, Life sciences",https://internationalconferencealerts.com/eventdetails.php?id=3325441,Technology,Healthcare,Conference,false,Exploring Solutions
International Conference on Bioinformatics and Computational Biology (ICOBCB),Manila - 7 Aug 2025,"Researchers, Biotech professionals","Computational biology, Bioinformatics",https://internationalconferencealerts.com/eventdetails.php?id=3079638,Technology,Healthcare,Conference,false,Exploring Solutions
International Conference on Cancer Bioinformatics (ICOCB),Manila - 4 Sep 2025,"Oncologists, Bioinformaticians","Cancer research, Bioinformatics",https://internationalconferencealerts.com/eventdetails.php?id=3162567,Technology,Healthcare,Conference,false,Exploring Solutions
International Conference on Bioinformatics Applications in Life Sciences and Technologies (ICBALST),Manila - 21 Oct 2025,"Researchers, Biotech professionals","Bioinformatics applications, Technology",https://internationalconferencealerts.com/eventdetails.php?id=3103441,Technology,Healthcare,Conference,false,Exploring Solutions
International Conference on Proteomics and Bioinformatics (ICPB),Manila - 25 Oct 2025,"Bioinformaticians, Researchers","Proteomics, Bioinformatics",https://internationalconferencealerts.com/eventdetails.php?id=3218608,Technology,Healthcare,Conference,false,Exploring Solutions
International Conference on Control Engineering and Artificial Intelligence (ICCEAI),Bacolod City - 9 Jul 2025,"Engineers, AI researchers","Control systems, AI applications",https://internationalconferencealerts.com/eventdetails.php?id=3005767,Technology,,Conference,false,Exploring Solutions
International Conference on Knowledge Representation and Artificial Intelligence (ICKRAI),Manila - 9 Jul 2025,"AI researchers, Data scientists","Knowledge representation, AI development",https://internationalconferencealerts.com/eventdetails.php?id=2993597,Technology,,Conference,false,Exploring Solutions
International Conference on Behavioral Robotics and Artificial Intelligence (ICBRAI),Cebu City - 9 Jul 2025,"Robotics engineers, AI researchers","Behavioral robotics, AI applications",https://internationalconferencealerts.com/eventdetails.php?id=3328062,Technology,,Conference,false,Exploring Solutions
International Conference on Artificial Intelligence," Machine Learning and Soft Computing (ICAIMLSC)",Cebu City - 6 Aug 2025,"AI researchers, Developers","Machine learning, Soft computing",https://internationalconferencealerts.com/eventdetails.php?id=3079591,Technology,,Conference,false
International Conference on Artificial Intelligence and Mathematics (ICAIM),Manila - 27 Aug 2025,"AI researchers, Mathematicians","AI applications, Mathematical modeling",https://internationalconferencealerts.com/eventdetails.php?id=3074261,Technology,,Conference,false,Exploring Solutions
International Conference on Cooperative Robotics and Artificial Intelligence (ICCRAI),Manila - 3 Sep 2025,"Robotics engineers, AI researchers","Cooperative robotics, AI development",https://internationalconferencealerts.com/eventdetails.php?id=3151887,Technology,,Conference,false,Exploring Solutions
International Conference on Computational Intelligence and Data Engineering (ICCIDE),Cebu City - 8 Oct 2025,"Data engineers, AI researchers","Computational intelligence, Data engineering",https://internationalconferencealerts.com/eventdetails.php?id=3218575,Technology,,Conference,false,Exploring Solutions
International Conference on Digital Agriculture," Latest Advances"," Prospects and Artificial Intelligence (ICDALAPAI)",Manila - 23 Oct 2025,"Agriculturists, AI researchers","Digital agriculture, AI applications",https://internationalconferencealerts.com/eventdetails.php?id=3193997,Technology,Agriculture,Conference
International Conference on Robotics and Artificial Intelligence (ICRAI),Manila - 25 Oct 2025,"Robotics engineers, AI researchers","Robotics, AI development",https://internationalconferencealerts.com/eventdetails.php?id=3217070,Technology,,Conference,false,Exploring Solutions
International Conference on Artificial Intelligence and Machine Learning for Healthcare (ICAIMLH),Manila - 25 Oct 2025,"Healthcare professionals, AI researchers","AI in healthcare, Machine learning",https://internationalconferencealerts.com/eventdetails.php?id=3221955,Technology,Healthcare,Conference,false,Exploring Solutions
International Conference on Advance Artificial Intelligence (ICAAI),Manila - 5 Nov 2025,"AI researchers, Technology managers","Advanced AI, Technology adoption",https://internationalconferencealerts.com/eventdetails.php?id=3246996,Technology,,Conference,false,Exploring Solutions
International Conference on Artificial Intelligence in Education (ICAIE),Bacolod City - 5 Nov 2025,"Educators, AI researchers","AI in education, Technology integration",https://internationalconferencealerts.com/eventdetails.php?id=3121068,Technology,Education,Conference,false,Exploring Solutions
International Conference on Artificial Intelligence and Materials Science (ICAIMS),Manila - 3 Dec 2025,"Materials scientists, AI researchers","AI in materials science, Innovation",https://internationalconferencealerts.com/eventdetails.php?id=3308945,Technology,,Conference,false,Exploring Solutions
International Conference on Artificial Intelligence in Medical Applications (ICAIMA),Bacolod City - 10 Dec 2025,"Healthcare professionals, AI researchers","AI in medical applications, Innovation",https://internationalconferencealerts.com/eventdetails.php?id=3307703,Technology,Healthcare,Conference,false,Exploring Solutions
International Conference on Soft Computing," Artificial Intelligence and Applications (ICSCAIA)",Cebu City - 10 Dec 2025,"AI researchers, Developers","Soft computing, AI applications",https://internationalconferencealerts.com/eventdetails.php?id=3311375,Technology,,Conference,false
International Conference on Artificial Intelligence in Law and Legal Practice (ICAILLP),Manila - 10 Dec 2025,"Legal professionals, AI researchers","AI in law, Legal practice innovation",https://internationalconferencealerts.com/eventdetails.php?id=3322149,Technology,Legal,Conference,false,Exploring Solutions
International Conference on Insurance Mathematics and Statistics (ICIMSTAT),Manila - 2 Aug 2025,"Actuaries, Financial analysts","Insurance mathematics, Statistical analysis",https://internationalconferencealerts.com/eventdetails.php?id=3045342,Banking & Financial Services,,Conference,false,Needs Immediate Help
International Conference on Computer Vision (ICCV),Manila - 23 Aug 2025,"Computer vision researchers, Developers","Computer vision, AI applications",https://internationalconferencealerts.com/eventdetails.php?id=3096566,Technology,,Conference,false,Exploring Solutions
International Conference on Performance Marketing and Marketing Techniques (ICPMMT),Manila - 10 Jul 2025,"Marketing professionals, Digital strategists","Performance marketing, Strategy optimization",https://internationalconferencealerts.com/eventdetails.php?id=2975477,Technology,Retail & E-commerce,Conference,false,Exploring Solutions
International Conference on Relationship Marketing (ICRM),Manila - 7 Aug 2025,"Marketing managers, CRM specialists","Relationship marketing, Customer retention",https://internationalconferencealerts.com/eventdetails.php?id=3074249,Retail & E-commerce,Technology,Conference,false,Exploring Solutions
International Conference on Multidisciplinary Studies (ICOMS),Manila - 3 Sep 2025,"Researchers, Academics","Interdisciplinary research, Knowledge sharing",https://internationalconferencealerts.com/eventdetails.php?id=3167977,Technology,,Conference,false,Exploring Solutions
International Conference on Customer Relationship Marketing and Management (ICCRMM),Manila - 25 Oct 2025,"Marketing managers, CRM specialists","CRM strategies, Customer engagement",https://internationalconferencealerts.com/eventdetails.php?id=3213765,Retail & E-commerce,Technology,Conference,false,Exploring Solutions
International Conference on Promotions and Promotional Marketing (ICPAPM),Manila - 6 Nov 2025,"Marketing professionals, Brand managers","Promotional strategies, Marketing",https://internationalconferencealerts.com/eventdetails.php?id=3254418,Retail & E-commerce,Technology,Conference,false,Exploring Solutions
International Conference on Business," Economics"," Marketing and Management (ICBEMM)",Manila - 11 Dec 2025,"Business executives, Marketing managers","Business growth, Marketing strategies",https://internationalconferencealerts.com/eventdetails.php?id=3305337,Technology,Retail & E-commerce,Conference
International Conference on Textile Development and Marketing (ICTDM),Manila - 25 Dec 2025,"Textile industry professionals, Marketers","Textile development, Marketing",https://internationalconferencealerts.com/eventdetails.php?id=3307143,Retail & E-commerce,Technology,Conference,false,Exploring Solutions
International Conference on Economics," Business"," Management and Finance Research (ICEBMFR)",Makati - 10 Jul 2025,"Economists, Financial analysts","Economic research, Financial management",https://internationalconferencealerts.com/eventdetails.php?id=3009225,Banking & Financial Services,Technology,Conference
International Conference on Earnings Management and Management Control Systems (ICEMMCS),Manila - 10 Sep 2025,"Financial managers, Controllers","Earnings management, Control systems",https://internationalconferencealerts.com/eventdetails.php?id=3158399,Banking & Financial Services,,Conference,false,Needs Immediate Help
International Conference on Management Science and Engineering Management (ICMSEM),Manila - 24 Sep 2025,"Management scientists, Engineers","Management science, Engineering management",https://internationalconferencealerts.com/eventdetails.php?id=3172455,Technology,,Conference,false,Exploring Solutions
International Conference on Enterprise Resource Planning and Financial Management Solutions (ICERPFMS),Manila - 29 Sep 2025,"ERP specialists, Financial managers","ERP implementation, Financial management",https://internationalconferencealerts.com/eventdetails.php?id=3159037,Technology,Banking & Financial Services,Conference,false,Planning Transformation
International Conference on Management and Economics Studies (ICMES),Manila - 23 Oct 2025,"Economists, Management professionals","Management studies, Economic trends",https://internationalconferencealerts.com/eventdetails.php?id=3188176,Technology,,Conference,false,Exploring Solutions
International Conference on Knowledge Management in Tourism and Hospitality (ICKMTH),Manila - 24 Oct 2025,"Tourism professionals, Managers","Knowledge management, Tourism strategies",https://internationalconferencealerts.com/eventdetails.php?id=3211564,Technology,Retail & E-commerce,Conference,false,Exploring Solutions
International Conference on Econometrics and Management Sciences (ICECOMS),Manila - 25 Oct 2025,"Economists, Management scientists","Econometrics, Management sciences",https://internationalconferencealerts.com/eventdetails.php?id=3221835,Technology,,Conference,false,Exploring Solutions
International Conference on Government Financial Management (ICGFM),Manila - 10 Nov 2025,"Financial managers, Government officials","Government finance, Management",https://internationalconferencealerts.com/eventdetails.php?id=3261774,Banking & Financial Services,Government & Public Sector,Conference,false,Needs Immediate Help
International Conference on Investment Analysis and Financial Asset Management (ICIAFAM),Manila - 12 Nov 2025,"Investment analysts, Financial managers","Investment analysis, Asset management",https://internationalconferencealerts.com/eventdetails.php?id=3121660,Banking & Financial Services,,Conference,false,Needs Immediate Help
International Conference on International Marketing and Brand Management Applications (ICIMBMA),Manila - 26 Nov 2025,"Marketing managers, Brand strategists","International marketing, Brand management",https://internationalconferencealerts.com/eventdetails.php?id=3266773,Retail & E-commerce,Technology,Conference,false,Exploring Solutions
International Conference on Transportation and Logistics Technology (ICTLT),Manila - 23 Jul 2025,"Logistics managers, Technology directors","Logistics optimization, Technology adoption",https://internationalconferencealerts.com/eventdetails.php?id=2995943,Technology,Retail & E-commerce,Conference,false,Planning Transformation
International Conference on Supply Chain and Manufacturing (ICOSCAM),Manila - 17 Sep 2025,"Supply chain managers, Manufacturing executives","Supply chain optimization, Manufacturing efficiency",https://internationalconferencealerts.com/eventdetails.php?id=3155256,Retail & E-commerce,Technology,Conference,true,Planning Transformation
International Conference on Carbon Accounting in Agricultural Supply Chains (ICCAASC),Manila - 25 Oct 2025,"Supply chain managers, Sustainability officers","Carbon accounting, Supply chain sustainability",https://internationalconferencealerts.com/eventdetails.php?id=3213016,Retail & E-commerce,Technology,Conference,true,Planning Transformation
International Conference on Operations and Supply Chain Management (ICOOSCM),Manila - 19 Nov 2025,"Supply chain managers, Operations executives","Supply chain management, Operational efficiency",https://internationalconferencealerts.com/eventdetails.php?id=3250258,Retail & E-commerce,Technology,Conference,true,Planning Transformation
International Conference on Transport and Road Research (ICTRR),Manila - 14 Jul 2025,"Transportation researchers, Engineers","Transportation research, Road innovation",https://internationalconferencealerts.com/eventdetails.php?id=2974629,Technology,Government & Public Sector,Conference,false,Exploring Solutions
International Conference on Transportation Economics and Finance (ICTEF),Manila - 11 Aug 2025,"Economists, Transportation managers","Transportation economics, Financial strategies",https://internationalconferencealerts.com/eventdetails.php?id=3041917,Banking & Financial Services,Technology,Conference,false,Needs Immediate Help
International Conference on Transportation Demand Management and Analysis (ICTDMA),Manila - 15 Sep 2025,"Transportation planners, Analysts","Demand management, Transportation analysis",https://internationalconferencealerts.com/eventdetails.php?id=3091284,Technology,Government & Public Sector,Conference,false,Exploring Solutions
International Conference on Bridge Engineering and Transportation Managements (ICBETM),Manila - 15 Dec 2025,"Engineers, Transportation managers","Bridge engineering, Transportation management",https://internationalconferencealerts.com/eventdetails.php?id=3302692,Technology,Government & Public Sector,Conference,false,Exploring Solutions
International Conference on Recent Challenges in Engineering and Technology (ICRCET),Manila - 1 Aug 2025,"Engineers, Technology managers","Engineering solutions, Technology advancements",https://internationalconferencealerts.com/eventdetails.php?id=3072291,Technology,,Conference,false,Exploring Solutions
International Conference on Science," Technology"," and Interdisciplinary Research (ICSTAR)",Manila - 22 Oct 2025,"Researchers, Academics","Interdisciplinary research, Technology trends",https://internationalconferencealerts.com/eventdetails.php?id=3185193,Technology,,Conference
World Conference on Supply Chain Management and Business (WCSCMB),Makati - 6 Nov 2025,"Supply chain managers, Business executives","Supply chain optimization, Business growth",https://internationalconferencealerts.com/eventdetails.php?id=3259545,Retail & E-commerce,Technology,Conference,true,Planning Transformation
PhilSec 2025 – Philippine Cyber Security Summit,Manila - 22–23 Jul 2025,"CISOs, CIOs, Cybersecurity heads, Government officials","Market insight, Networking",https://www.philsecsummit.com/,Technology,Government & Public Sector,Summit,true,Planning Transformation
AI Conference Philippines 2025,Taguig - 23 Jul 2025,"AI/data professionals, Tech innovators, Industry stakeholders","Market insight, Networking",https://saascon.ph/,Technology,,Conference,true,Exploring Solutions
Enterprise Digital Transformation Summit Asia 2025,Online - 5–6 Aug 2025,"CXOs, CIOs, Digital leaders","Digital strategy, Technology adoption",https://digitransformationsummit.com/asia/,Technology,,Summit,true,Planning Transformation
Techsauce Global Summit 2025,Bangkok - 4–6 Aug 2025,"Startup founders, Investors, Tech leaders","Market insight, Networking",https://summit.techsauce.co/,Technology,,Summit,true,Exploring Solutions
Retail & E-Commerce Innovation Summit Philippines 2025,Manila - 12 Aug 2025,"Retailers, Marketing/tech leads, Solution providers","Omnichannel strategies, Customer experience",https://marketech-apac.com/conference/retail-ecommerce-innovation-marketing-tech-summit-ph-2025/,Retail & E-commerce,Technology,Summit,true,Planning Transformation
AI Innovation Summit Indonesia 2025,Jakarta - 12–14 Aug 2025,"AI researchers, Government officials, Tech executives","Market insight, Networking",https://ai-innovation.id/,Technology,Government & Public Sector,Summit,true,Planning Transformation
Asia Data Analytics Conference 2025,Makati - 14 Aug 2025,"Data analytics leaders, BI managers, Tech innovators","Data analytics, Business intelligence",https://www.allconferencealert.com/,Technology,,Conference,true,Planning Transformation
Global Leadership Summit 2025,Multiple venues - 7–8 Aug 2025,"Senior leaders, Executives, Business owners","Leadership development, Networking",https://globalleadership.org/summit/,Technology,,Summit,true,Planning Transformation
Hong Kong-ASEAN Summit 2025,Hong Kong - 3 Sep 2025,"Business leaders, Investors, Policymakers","Market insight, Networking",https://hkaseansummit.scmp.com/,Technology,Government & Public Sector,Summit,true,Planning Transformation
Digital Marketing Asia Philippines 2025,Manila - 2 Sep 2025,"Marketing leaders, Digital strategists, Brand managers","Digital marketing, Strategy optimization",https://conferences.marketing-interactive.com/digital-marketing-ph/,Technology,Retail & E-commerce,Conference,true,Planning Transformation
IoT Conference Philippines 2025,Manila - 10–11 Sep 2025,"IoT/AI pioneers, Government tech officers, Solution architects","IoT adoption, Technology innovation",https://www.allconferencealert.com/,Technology,Government & Public Sector,Conference,true,Planning Transformation
ASEAN Foundation Model ASEAN Meeting East Asia Summit 2025,Jakarta - 15–19 Sep 2025,"Government officials, Policymakers, Regional leaders","Policy influence, Regional collaboration",https://www.aseanfoundation.org/afmameas2025,Government & Public Sector,,Summit,true,Planning Transformation
DigiMarCon Southeast Asia 2025,Singapore - 18–19 Sep 2025,"Digital marketing professionals, CMOs, Agency leaders","Digital marketing, Strategy optimization",https://digimarconsoutheastasia.com/,Technology,Retail & E-commerce,Conference,true,Planning Transformation
WFIS Philippines 2025 (World Financial Innovation Series),Manila - 23–24 Sep 2025,"Banking executives, Fintech leaders, Insurance heads","Financial innovation, Networking",https://www.philippines.worldfis.com/,Banking & Financial Services,Technology,Summit,true,Planning Transformation
4th Smart Supply Chain and Logistics Innovation Asia Convention,Singapore - 24–25 Sep 2025,"Cargo owners, 3PLs, Service providers","Supply chain optimization, Logistics innovation",https://www.szwgroup.com/smart-supply-chain-and-logistics-innovation-asia/,Retail & E-commerce,Technology,Convention,true,Planning Transformation
ASEAN-EU Business Summit 2025,Kuala Lumpur - 25 Sep 2025,"Business leaders, Policymakers","Market insight, Regional collaboration",https://asean-eu-summit.com/,Technology,Government & Public Sector,Summit,true,Planning Transformation
Philippine Business Conference and Expo (PBC&E) 2025,Manila - 15–16 Oct 2025,"Entrepreneurs, Business leaders, Solution providers","Business growth, Networking, Solution showcasing",https://www.pbc-expo.com/,Technology,Retail & E-commerce,Expo,true,Planning Transformation
Manila Tech Summit 2025,Manila - August 26-27,2025,C-level Executives,Strategic investment and innovation,https://fintechnews.ph/fintech-events-philippines/event/manila-tech-summit-2025/,Technology,Planning Transformation,Summit,Banking & Financial Services
IOT Conference Philippines 2025,Pasay City - September 10-11,2025,CTOs|IT Managers,Future-proofing resilience industries,https://iotconference.ph/wp-content/uploads/2025/07/iotcon-2025-program.pdf,Technology,Planning Transformation,Conference,
Advertising Technology Asia (Philippines) 2025,Manila - Unknown 2025,Marketing Directors|Brand Managers,AI and digital advertising innovation,https://markettech-apac.com/conference/advertising-technology-asia-philippines-2025/,Technology,Retail & E-commerce,Summit,FALSE,Planning Transformation
AIBP 52nd Conference & Expo 2025,Pasay City - September 23-24,2025,C-level Executives|Digital Strategists,Digital strategy and innovation,https://www.aibp.sg/upcoming/beta/52nd-aibp-conference-exhibition-philippines,Technology,Planning Transformation,Conference,Banking & Financial Services
Asian Carriers Conference (ACC) 2025,Cebu - September 15-19,2025,Telecom Executives|IT Managers,Connectivity and future-ready solutions,https://www.telinn.net/en/meet-us/events/Asian-Carriers-conference-acc,Technology,Planning Transformation,Conference,
Philippine Economic Society (PES) 63rd Annual Conference,Makati City - November 7,2025,Economists|Policy Makers,Sustaining growth and policy strategies,https://economics.ph.org/pes63,Banking & Financial Services,Planning Transformation,Conference,Government & Public Sector
SGRI Conference 2025,Singapore - August 5-6,2025,Corporate Lawyers|Financial Advisors,Corporate restructuring and turnaround,https://ccla.smu.edu.sg/sgri.events/sgri.conference,Banking & Financial Services,Needs Immediate Help,Conference,
INSOL Int'l Shanghai Seminar 2025,Shanghai - August 28,2025,Insolvency Professionals|Financial Advisors,Insolvency and restructuring strategies,https://events.insol.org/website/16376/,Banking & Financial Services,Needs Immediate Help,Seminar,
TMA 2025 APAC Regional Conference,Singapore - August 20-21,2025,Turnaround Specialists|Financial Advisors,Restructuring and corporate renewal,https://www.turnaround.org.au/,Banking & Financial Services,Needs Immediate Help,Conference,Technology
Global Anti-Scam Summit (GASS) Asia 2025,Singapore - September 2-3,2025,Regulators|Law Enforcement|Bank Executives,Combating online scams and fraud,https://events.gasa.org/gass.asia-2025,Banking & Financial Services,Needs Immediate Help,Summit,Technology|Government & Public Sector
Risk Live Asia 2025,Singapore - September 24-25,2025,Risk Managers|Compliance Officers,Risk management and operational resilience,https://asia.risklive.net,Banking & Financial Services,Needs Immediate Help,Forum,Government & Public Sector
2025 ACFE Fraud Conference Asia-Pacific,Kuala Lumpur - August 20-22,2025,Auditors|Investigators|Compliance Officers,Fraud prevention and detection,https://www.fraudconference.com/asiapac2025,Banking & Financial Services,Needs Immediate Help,Conference,Government & Public Sector
18th Asia Compliance Summit 2025,Hong Kong - November 18-19,2025,Compliance Officers|Legal Advisors,Regulatory compliance and anti-corruption,https://thecompliancedigest.com/18th-asia-compliance-summit-2025/,Banking & Financial Services,Needs Immediate Help,Summit,Government & Public Sector
INSOL RIAF 2025 (Restructuring & Insolvency Academic Forum),Singapore - November 6-7,2025,Academics|Legal Advisors,Insolvency scholarship and reform,https://www.insol.org/asia-hub.upcoming.events,Banking & Financial Services,Needs Immediate Help,Forum,
Cambridge Forum on Investigations & Enforcement (Asia-Pacific),Singapore - December 3-5,2025,Lawyers|Regulators,Investigations and enforcement strategies,https://www.cambridgeforums.com/forum/fiea,Banking & Financial Services,Needs Immediate Help,Forum,Government & Public Sector
Debtwire Distressed Debt Forum Asia Pacific 2025,Hong Kong - October 15,2025,Lenders|Investors|Advisors,Distressed debt and workouts,https://10times.com/debtwire-apac,Banking & Financial Services,Needs Immediate Help,Forum,
International Conference on Disaster Nursing," Stress Management and Emotional Support (ICDNSMES)",Manila - July 30,2025,Healthcare Professionals,Disaster response and emotional support,https://internationalconferencealerts.com/philippines/disaster-management,,Needs Immediate Help,Healthcare
2025 Metro Manila Business Conference,Quezon City - August 7-8,2025,C-level Executives|Investors,Building future-ready businesses,https://pbce.com.ph/,Technology,Planning Transformation,Conference,Banking & Financial Services
Data Centre & Cloud Innovation Summit 2025,Manila - September 17,2025,CTOs|Digital Transformation Leaders,Scaling cloud infrastructure,https://datacentercloudsummit.com/,Technology,Planning Transformation,Summit,
Philippine Tech Show 2025,Manila - August 13-14,2025,Decision Makers|IT Managers,Enterprise solutions and innovation,https://philippinetechshow.com/,Technology,Planning Transformation,Show,
Asia Pacific Digital Transformation Forum 2025,Manila - July 28-31,2025,C-level Executives|Digital Strategists,Scaling digital infrastructure,https://apdigitaltransformationforum.com/,Technology,Planning Transformation,Forum,Banking & Financial Services